"name","price","description"
"Unisex One EDT 100ml","Rs. 4600","Unisex One EDT 100ml"
"Unisex One EDT 200 ml","Rs. 5950","Unisex One EDT 200 ml"
"Unisex Eau De Toilette Perfume","Rs. 4700","Unisex Eau De Toilette Perfume"
"Men Be Eau De Toilette 100ml","Rs. 4700","Men Be Eau De Toilette 100ml"
"Men Be Eau de Toilette 200ml","Rs. 5750","Men Be Eau de Toilette 200ml"
"Unisex All Eau De Toilette","Rs. 5950","Unisex All Eau De Toilette"
"Women Euphoria EDP 100ml","Rs. 8050","Women Euphoria EDP 100ml"
"Men Be Eau De Toilette 50 ml","Rs. 3350","Men Be Eau De Toilette 50 ml"
"all EDT 50 ml","Rs. 3350","all EDT 50 ml"
"Perfume and Body Mist","Rs. 4700","Perfume and Body Mist"
"Men Defy EDP - 100 ml","Rs. 6600","Men Defy EDP - 100 ml"
"Men Defy EDP - 200 ml","Rs. 8850","Men Defy EDP - 200 ml"
"Men Defy Eau de Toilette 100ml","Rs. 5950","Men Defy Eau de Toilette 100ml"
"Men Euphoria EDT Perfume","Rs. 4600","Men Euphoria EDT Perfume"
"Men Eternity EDP 100 ml","Rs. 6250","Men Eternity EDP 100 ml"
"Men Defy Eau De Parfum - 100ml","Rs. 6500","Men Defy Eau De Parfum - 100ml"
"Men Eternity EDT 100ml","Rs. 5700","Men Eternity EDT 100ml"
"Unisex CK Everyone EDT 200 ml","Rs. 6450","Unisex CK Everyone EDT 200 ml"
"Men Euphoria EDT Perfume 100ml","Rs. 6300","Men Euphoria EDT Perfume 100ml"
"Men Defy Eau De Parfum - 200ml","Rs. 9250","Men Defy Eau De Parfum - 200ml"
"Men Defy EDP - 50 ml","Rs. 5200","Men Defy EDP - 50 ml"
"Men Defy Eau De Parfum - 50ml","Rs. 4950","Men Defy Eau De Parfum - 50ml"
"Men Defy Eau de Toilette 50ml","Rs. 5100","Men Defy Eau de Toilette 50ml"